{
  "version": "2019.2",
  "applications": [],
  "platforms": [],
  "systems": [
    {
      "name": "EE234P1_system",
      "platform": "/root/workspace/blackboard_bist/export/blackboard_bist/blackboard_bist.xpfm",
      "sysConfig": "blackboard_bist",
      "applications": [
        {
          "name": "EE234P1",
          "platform": "/root/workspace/blackboard_bist/export/blackboard_bist/blackboard_bist.xpfm",
          "platformPath": "/root/workspace/blackboard_bist/export/blackboard_bist",
          "sysConfig": "blackboard_bist",
          "domain": "standalone_domain",
          "system": "EE234P1_system"
        }
      ],
      "platformPath": "/root/workspace/blackboard_bist/export/blackboard_bist"
    }
  ],
  "others": []
}